8491,Rheingau-Taunus
8492,Rheingau-Taunus
8493,Rheingau-Taunus
8494,Rheingau-Taunus
8495,Rheingau-Taunus
8496,Rheingau-Taunus
8497,Rheingau-Taunus
8498,Rheingau-Taunus
8499,Rheingau-Taunus
8500,Rheingau-Taunus
8501,Rheingau-Taunus
8502,Rheingau-Taunus
8503,Rheingau-Taunus
8504,Rheingau-Taunus
8505,Rheingau-Taunus
8506,Rheingau-Taunus
8507,Rheingau-Taunus
8508,Neckar-Odenwald
8509,Neckar-Odenwald
8510,Neckar-Odenwald
8511,Neckar-Odenwald
8512,Neckar-Odenwald
8513,Neckar-Odenwald
8514,Neckar-Odenwald
8515,Neckar-Odenwald
8516,Neckar-Odenwald
8517,Neckar-Odenwald
8518,Neckar-Odenwald
8519,Neckar-Odenwald
8520,Neckar-Odenwald
8521,Neckar-Odenwald
8522,Neckar-Odenwald
8523,Neckar-Odenwald
8524,Neckar-Odenwald
8525,Neckar-Odenwald
8526,Neckar-Odenwald
8527,Neckar-Odenwald
8528,Neckar-Odenwald
8529,Neckar-Odenwald
8530,Neckar-Odenwald
8531,Neckar-Odenwald
8532,Neckar-Odenwald
8533,Neckar-Odenwald
8534,Neckar-Odenwald
8535,Rostock
8536,Rostock
8537,Rostock
8538,Rostock
8539,Rostock
8540,Rostock
8541,Rostock
8542,Rostock
8543,Rostock
8544,Rostock
8545,Rostock
8546,Rostock
8547,Rostock
8548,Rostock
8549,Rostock
8550,Rostock
8551,Rostock
8552,Rostock
8553,Rostock
8554,Rostock
8555,Rostock
8556,Rostock
8557,Rostock
8558,Rostock
8559,Rostock
8560,Rostock
8561,Rostock
8562,Rostock
8563,Rostock
8564,Rostock
8565,Rostock
8566,Rostock
8567,Rostock
8568,Rostock
8569,Rostock
8570,Rostock
8571,Rostock
8572,Rostock
8573,Rostock
8574,Rostock
8575,Rostock
8576,Rostock
8577,Rostock
8578,Rostock
8579,Rostock
8580,Rostock
8581,Rostock
8582,Rostock
8583,Rostock
8584,Rostock
8585,Rostock
8586,Rostock
8587,Rostock
8588,Rostock
8589,Rostock
8590,Rostock
8591,Rostock
8592,Rostock
8593,Rostock
8594,Rostock
8595,Rostock
8596,Rostock
8597,Rostock
8598,Rostock
8599,Rostock
8600,Rostock
8601,Rostock
8602,Rostock
8603,Rostock
8604,Rostock
8605,Rostock
8606,Rostock
8607,Rostock
8608,Rostock
8609,Rostock
8610,Rostock
8611,Rostock
8612,Rostock
8613,Rostock
8614,Rostock
8615,Rostock
8616,Rostock
8617,Rostock
8618,Rostock
8619,Rostock
8620,Rostock
8621,Rostock
8622,Rostock
8623,Rostock
8624,Rostock
8625,Rostock
8626,Rostock
8627,Rostock
8628,Rostock
8629,Rostock
8630,Rostock
8631,Rostock
8632,Rostock
8633,Rostock
8634,Rostock
8635,Rostock
8636,Rostock
8637,Rostock
8638,Rostock
8639,Rostock
8640,Rostock
8641,Rostock
8642,Rostock
8643,Rostock
8644,Rostock
8645,Rostock
8646,Rostock
8647,Rostock
8648,Rostock
8649,Rostock
8650,Rostock
8651,Rostock
8652,Hameln-Pyrmont
8653,Hameln-Pyrmont
8654,Hameln-Pyrmont
8655,Hameln-Pyrmont
8656,Hameln-Pyrmont
8657,Hameln-Pyrmont
8658,Hameln-Pyrmont
8659,Hameln-Pyrmont
8660,Eifelkreis Bitburg-Prüm
8661,Eifelkreis Bitburg-Prüm
8662,Eifelkreis Bitburg-Prüm
8663,Eifelkreis Bitburg-Prüm
8664,Eifelkreis Bitburg-Prüm
8665,Eifelkreis Bitburg-Prüm
8666,Eifelkreis Bitburg-Prüm
8667,Eifelkreis Bitburg-Prüm
8668,Eifelkreis Bitburg-Prüm
8669,Eifelkreis Bitburg-Prüm
8670,Eifelkreis Bitburg-Prüm
8671,Eifelkreis Bitburg-Prüm
8672,Eifelkreis Bitburg-Prüm
8673,Eifelkreis Bitburg-Prüm
8674,Eifelkreis Bitburg-Prüm
8675,Eifelkreis Bitburg-Prüm
8676,Eifelkreis Bitburg-Prüm
8677,Eifelkreis Bitburg-Prüm
8678,Eifelkreis Bitburg-Prüm
8679,Eifelkreis Bitburg-Prüm
8680,Eifelkreis Bitburg-Prüm
8681,Eifelkreis Bitburg-Prüm
8682,Eifelkreis Bitburg-Prüm
8683,Eifelkreis Bitburg-Prüm
8684,Eifelkreis Bitburg-Prüm
8685,Eifelkreis Bitburg-Prüm
8686,Eifelkreis Bitburg-Prüm
8687,Eifelkreis Bitburg-Prüm
8688,Eifelkreis Bitburg-Prüm
8689,Eifelkreis Bitburg-Prüm
8690,Eifelkreis Bitburg-Prüm
8691,Eifelkreis Bitburg-Prüm
8692,Eifelkreis Bitburg-Prüm
8693,Eifelkreis Bitburg-Prüm
8694,Eifelkreis Bitburg-Prüm
8695,Eifelkreis Bitburg-Prüm
8696,Eifelkreis Bitburg-Prüm
8697,Eifelkreis Bitburg-Prüm
8698,Eifelkreis Bitburg-Prüm
8699,Eifelkreis Bitburg-Prüm
8700,Eifelkreis Bitburg-Prüm
8701,Eifelkreis Bitburg-Prüm
8702,Eifelkreis Bitburg-Prüm
8703,Eifelkreis Bitburg-Prüm
8704,Eifelkreis Bitburg-Prüm
8705,Eifelkreis Bitburg-Prüm
8706,Eifelkreis Bitburg-Prüm
8707,Eifelkreis Bitburg-Prüm
8708,Eifelkreis Bitburg-Prüm
8709,Eifelkreis Bitburg-Prüm
8710,Eifelkreis Bitburg-Prüm
8711,Eifelkreis Bitburg-Prüm
8712,Eifelkreis Bitburg-Prüm
8713,Eifelkreis Bitburg-Prüm
8714,Eifelkreis Bitburg-Prüm
8715,Eifelkreis Bitburg-Prüm
8716,Eifelkreis Bitburg-Prüm
8717,Eifelkreis Bitburg-Prüm
8718,Eifelkreis Bitburg-Prüm
8719,Eifelkreis Bitburg-Prüm
8720,Eifelkreis Bitburg-Prüm
8721,Eifelkreis Bitburg-Prüm
8722,Eifelkreis Bitburg-Prüm
8723,Eifelkreis Bitburg-Prüm
8724,Eifelkreis Bitburg-Prüm
8725,Eifelkreis Bitburg-Prüm
8726,Eifelkreis Bitburg-Prüm
8727,Eifelkreis Bitburg-Prüm
8728,Eifelkreis Bitburg-Prüm
8729,Eifelkreis Bitburg-Prüm
8730,Eifelkreis Bitburg-Prüm
8731,Eifelkreis Bitburg-Prüm
8732,Eifelkreis Bitburg-Prüm
8733,Eifelkreis Bitburg-Prüm
8734,Eifelkreis Bitburg-Prüm
8735,Eifelkreis Bitburg-Prüm
8736,Eifelkreis Bitburg-Prüm
8737,Eifelkreis Bitburg-Prüm
8738,Eifelkreis Bitburg-Prüm
8739,Eifelkreis Bitburg-Prüm
8740,Eifelkreis Bitburg-Prüm
8741,Eifelkreis Bitburg-Prüm
8742,Eifelkreis Bitburg-Prüm
8743,Eifelkreis Bitburg-Prüm
8744,Eifelkreis Bitburg-Prüm
8745,Eifelkreis Bitburg-Prüm
8746,Eifelkreis Bitburg-Prüm
8747,Eifelkreis Bitburg-Prüm
8748,Eifelkreis Bitburg-Prüm
8749,Eifelkreis Bitburg-Prüm
8750,Eifelkreis Bitburg-Prüm
8751,Eifelkreis Bitburg-Prüm
8752,Eifelkreis Bitburg-Prüm
8753,Eifelkreis Bitburg-Prüm
8754,Eifelkreis Bitburg-Prüm
8755,Eifelkreis Bitburg-Prüm
8756,Eifelkreis Bitburg-Prüm
8757,Eifelkreis Bitburg-Prüm
8758,Eifelkreis Bitburg-Prüm
8759,Eifelkreis Bitburg-Prüm
8760,Eifelkreis Bitburg-Prüm
8761,Eifelkreis Bitburg-Prüm
8762,Eifelkreis Bitburg-Prüm
8763,Eifelkreis Bitburg-Prüm
8764,Eifelkreis Bitburg-Prüm
8765,Eifelkreis Bitburg-Prüm
8766,Eifelkreis Bitburg-Prüm
8767,Eifelkreis Bitburg-Prüm
8768,Eifelkreis Bitburg-Prüm
8769,Eifelkreis Bitburg-Prüm
8770,Eifelkreis Bitburg-Prüm
8771,Eifelkreis Bitburg-Prüm
8772,Eifelkreis Bitburg-Prüm
8773,Eifelkreis Bitburg-Prüm
8774,Eifelkreis Bitburg-Prüm
8775,Eifelkreis Bitburg-Prüm
8776,Eifelkreis Bitburg-Prüm
8777,Eifelkreis Bitburg-Prüm
8778,Eifelkreis Bitburg-Prüm
8779,Eifelkreis Bitburg-Prüm
8780,Eifelkreis Bitburg-Prüm
8781,Eifelkreis Bitburg-Prüm
8782,Eifelkreis Bitburg-Prüm
8783,Eifelkreis Bitburg-Prüm
8784,Eifelkreis Bitburg-Prüm
8785,Eifelkreis Bitburg-Prüm
8786,Eifelkreis Bitburg-Prüm
8787,Eifelkreis Bitburg-Prüm
8788,Eifelkreis Bitburg-Prüm
8789,Eifelkreis Bitburg-Prüm
8790,Eifelkreis Bitburg-Prüm
8791,Eifelkreis Bitburg-Prüm
8792,Eifelkreis Bitburg-Prüm
8793,Eifelkreis Bitburg-Prüm
8794,Eifelkreis Bitburg-Prüm
8795,Eifelkreis Bitburg-Prüm
8796,Eifelkreis Bitburg-Prüm
8797,Eifelkreis Bitburg-Prüm
8798,Eifelkreis Bitburg-Prüm
8799,Eifelkreis Bitburg-Prüm
8800,Eifelkreis Bitburg-Prüm
8801,Eifelkreis Bitburg-Prüm
8802,Eifelkreis Bitburg-Prüm
8803,Eifelkreis Bitburg-Prüm
8804,Eifelkreis Bitburg-Prüm
8805,Eifelkreis Bitburg-Prüm
8806,Eifelkreis Bitburg-Prüm
8807,Eifelkreis Bitburg-Prüm
8808,Eifelkreis Bitburg-Prüm
8809,Eifelkreis Bitburg-Prüm
8810,Eifelkreis Bitburg-Prüm
8811,Eifelkreis Bitburg-Prüm
8812,Eifelkreis Bitburg-Prüm
8813,Eifelkreis Bitburg-Prüm
8814,Eifelkreis Bitburg-Prüm
8815,Eifelkreis Bitburg-Prüm
8816,Eifelkreis Bitburg-Prüm
8817,Eifelkreis Bitburg-Prüm
8818,Eifelkreis Bitburg-Prüm
8819,Eifelkreis Bitburg-Prüm
8820,Eifelkreis Bitburg-Prüm
8821,Eifelkreis Bitburg-Prüm
8822,Eifelkreis Bitburg-Prüm
8823,Eifelkreis Bitburg-Prüm
8824,Eifelkreis Bitburg-Prüm
8825,Eifelkreis Bitburg-Prüm
8826,Eifelkreis Bitburg-Prüm
8827,Eifelkreis Bitburg-Prüm
8828,Eifelkreis Bitburg-Prüm
8829,Eifelkreis Bitburg-Prüm
8830,Eifelkreis Bitburg-Prüm
8831,Eifelkreis Bitburg-Prüm
8832,Eifelkreis Bitburg-Prüm
8833,Eifelkreis Bitburg-Prüm
8834,Eifelkreis Bitburg-Prüm
8835,Eifelkreis Bitburg-Prüm
8836,Eifelkreis Bitburg-Prüm
8837,Eifelkreis Bitburg-Prüm
8838,Eifelkreis Bitburg-Prüm
8839,Eifelkreis Bitburg-Prüm
8840,Eifelkreis Bitburg-Prüm
8841,Eifelkreis Bitburg-Prüm
8842,Eifelkreis Bitburg-Prüm
8843,Eifelkreis Bitburg-Prüm
8844,Eifelkreis Bitburg-Prüm
8845,Eifelkreis Bitburg-Prüm
8846,Eifelkreis Bitburg-Prüm
8847,Eifelkreis Bitburg-Prüm
8848,Eifelkreis Bitburg-Prüm
8849,Eifelkreis Bitburg-Prüm
8850,Eifelkreis Bitburg-Prüm
8851,Eifelkreis Bitburg-Prüm
8852,Eifelkreis Bitburg-Prüm
8853,Eifelkreis Bitburg-Prüm
8854,Eifelkreis Bitburg-Prüm
8855,Eifelkreis Bitburg-Prüm
8856,Eifelkreis Bitburg-Prüm
8857,Eifelkreis Bitburg-Prüm
8858,Eifelkreis Bitburg-Prüm
8859,Eifelkreis Bitburg-Prüm
8860,Eifelkreis Bitburg-Prüm
8861,Eifelkreis Bitburg-Prüm
8862,Eifelkreis Bitburg-Prüm
8863,Eifelkreis Bitburg-Prüm
8864,Eifelkreis Bitburg-Prüm
8865,Eifelkreis Bitburg-Prüm
8866,Eifelkreis Bitburg-Prüm
8867,Eifelkreis Bitburg-Prüm
8868,Eifelkreis Bitburg-Prüm
8869,Eifelkreis Bitburg-Prüm
8870,Eifelkreis Bitburg-Prüm
8871,Eifelkreis Bitburg-Prüm
8872,Eifelkreis Bitburg-Prüm
8873,Eifelkreis Bitburg-Prüm
8874,Eifelkreis Bitburg-Prüm
8875,Eifelkreis Bitburg-Prüm
8876,Eifelkreis Bitburg-Prüm
8877,Eifelkreis Bitburg-Prüm
8878,Eifelkreis Bitburg-Prüm
8879,Eifelkreis Bitburg-Prüm
8880,Eifelkreis Bitburg-Prüm
8881,Eifelkreis Bitburg-Prüm
8882,Eifelkreis Bitburg-Prüm
8883,Eifelkreis Bitburg-Prüm
8884,Eifelkreis Bitburg-Prüm
8885,Eifelkreis Bitburg-Prüm
8886,Eifelkreis Bitburg-Prüm
8887,Eifelkreis Bitburg-Prüm
8888,Eifelkreis Bitburg-Prüm
8889,Eifelkreis Bitburg-Prüm
8890,Eifelkreis Bitburg-Prüm
8891,Eifelkreis Bitburg-Prüm
8892,Eifelkreis Bitburg-Prüm
8893,Eifelkreis Bitburg-Prüm
8894,Rotenburg (Wümme)
8895,Rotenburg (Wümme)
8896,Rotenburg (Wümme)
8897,Rotenburg (Wümme)
8898,Rotenburg (Wümme)
8899,Rotenburg (Wümme)
8900,Rotenburg (Wümme)
8901,Rotenburg (Wümme)
8902,Rotenburg (Wümme)
8903,Rotenburg (Wümme)
8904,Rotenburg (Wümme)
8905,Rotenburg (Wümme)
8906,Rotenburg (Wümme)
8907,Rotenburg (Wümme)
8908,Rotenburg (Wümme)
8909,Rotenburg (Wümme)
8910,Rotenburg (Wümme)
8911,Rotenburg (Wümme)
8912,Rotenburg (Wümme)
8913,Rotenburg (Wümme)
8914,Rotenburg (Wümme)
8915,Rotenburg (Wümme)
8916,Rotenburg (Wümme)
8917,Rotenburg (Wümme)
8918,Rotenburg (Wümme)
8919,Rotenburg (Wümme)
8920,Rotenburg (Wümme)
8921,Rotenburg (Wümme)
8922,Rotenburg (Wümme)
8923,Rotenburg (Wümme)
8924,Rotenburg (Wümme)
8925,Rotenburg (Wümme)
8926,Rotenburg (Wümme)
8927,Rotenburg (Wümme)
8928,Rotenburg (Wümme)
8929,Rotenburg (Wümme)
8930,Rotenburg (Wümme)
8931,Rotenburg (Wümme)
8932,Rotenburg (Wümme)
8933,Rotenburg (Wümme)
8934,Rotenburg (Wümme)
8935,Rotenburg (Wümme)
8936,Rotenburg (Wümme)
8937,Rotenburg (Wümme)
8938,Rotenburg (Wümme)
8939,Rotenburg (Wümme)
8940,Rotenburg (Wümme)
8941,Rotenburg (Wümme)
8942,Rotenburg (Wümme)
8943,Rotenburg (Wümme)
8944,Rotenburg (Wümme)
8945,Rotenburg (Wümme)
8946,Rotenburg (Wümme)
8947,Rotenburg (Wümme)
8948,Rotenburg (Wümme)
8949,Rotenburg (Wümme)
8950,Rotenburg (Wümme)
8951,Vorpommern-Greifswald
8952,Vorpommern-Greifswald
8953,Vorpommern-Greifswald
8954,Vorpommern-Greifswald
8955,Vorpommern-Greifswald
8956,Vorpommern-Greifswald
8957,Vorpommern-Greifswald
8958,Vorpommern-Greifswald
8959,Vorpommern-Greifswald
8960,Vorpommern-Greifswald
8961,Vorpommern-Greifswald
8962,Vorpommern-Greifswald
8963,Vorpommern-Greifswald
8964,Vorpommern-Greifswald
8965,Vorpommern-Greifswald
8966,Vorpommern-Greifswald
8967,Vorpommern-Greifswald
8968,Vorpommern-Greifswald
8969,Vorpommern-Greifswald
8970,Vorpommern-Greifswald
8971,Vorpommern-Greifswald
8972,Vorpommern-Greifswald
8973,Vorpommern-Greifswald
8974,Vorpommern-Greifswald
8975,Vorpommern-Greifswald
8976,Vorpommern-Greifswald
8977,Vorpommern-Greifswald
8978,Vorpommern-Greifswald
8979,Vorpommern-Greifswald
8980,Vorpommern-Greifswald
8981,Vorpommern-Greifswald
8982,Vorpommern-Greifswald
8983,Vorpommern-Greifswald
8984,Vorpommern-Greifswald
8985,Vorpommern-Greifswald
8986,Vorpommern-Greifswald
8987,Vorpommern-Greifswald
8988,Vorpommern-Greifswald
8989,Vorpommern-Greifswald
8990,Vorpommern-Greifswald
8991,Vorpommern-Greifswald
8992,Vorpommern-Greifswald
8993,Vorpommern-Greifswald
8994,Vorpommern-Greifswald
8995,Vorpommern-Greifswald
8996,Vorpommern-Greifswald
8997,Vorpommern-Greifswald
8998,Vorpommern-Greifswald
8999,Vorpommern-Greifswald
9000,Vorpommern-Greifswald
9001,Vorpommern-Greifswald
9002,Vorpommern-Greifswald
9003,Vorpommern-Greifswald
9004,Vorpommern-Greifswald
9005,Vorpommern-Greifswald
9006,Vorpommern-Greifswald
9007,Vorpommern-Greifswald
9008,Vorpommern-Greifswald
9009,Vorpommern-Greifswald
9010,Vorpommern-Greifswald
9011,Vorpommern-Greifswald
9012,Vorpommern-Greifswald
9013,Vorpommern-Greifswald
9014,Vorpommern-Greifswald
9015,Vorpommern-Greifswald
9016,Vorpommern-Greifswald
9017,Vorpommern-Greifswald
9018,Vorpommern-Greifswald
9019,Vorpommern-Greifswald
9020,Vorpommern-Greifswald
9021,Vorpommern-Greifswald
9022,Vorpommern-Greifswald
9023,Vorpommern-Greifswald
9024,Vorpommern-Greifswald
9025,Vorpommern-Greifswald
9026,Vorpommern-Greifswald
9027,Vorpommern-Greifswald
9028,Vorpommern-Greifswald
9029,Vorpommern-Greifswald
9030,Vorpommern-Greifswald
9031,Vorpommern-Greifswald
9032,Vorpommern-Greifswald
9033,Vorpommern-Greifswald
9034,Vorpommern-Greifswald
9035,Vorpommern-Greifswald
9036,Vorpommern-Greifswald
9037,Vorpommern-Greifswald
9038,Vorpommern-Greifswald
9039,Vorpommern-Greifswald
9040,Vorpommern-Greifswald
9041,Vorpommern-Greifswald
9042,Vorpommern-Greifswald
9043,Vorpommern-Greifswald
9044,Vorpommern-Greifswald
9045,Vorpommern-Greifswald
9046,Vorpommern-Greifswald
9047,Vorpommern-Greifswald
9048,Vorpommern-Greifswald
9049,Vorpommern-Greifswald
9050,Vorpommern-Greifswald
9051,Vorpommern-Greifswald
9052,Vorpommern-Greifswald
9053,Vorpommern-Greifswald
9054,Vorpommern-Greifswald
9055,Vorpommern-Greifswald
9056,Vorpommern-Greifswald
9057,Vorpommern-Greifswald
9058,Vorpommern-Greifswald
9059,Vorpommern-Greifswald
9060,Vorpommern-Greifswald
9061,Vorpommern-Greifswald
9062,Vorpommern-Greifswald
9063,Vorpommern-Greifswald
9064,Vorpommern-Greifswald
9065,Vorpommern-Greifswald
9066,Vorpommern-Greifswald
9067,Vorpommern-Greifswald
9068,Vorpommern-Greifswald
9069,Vorpommern-Greifswald
9070,Vorpommern-Greifswald
9071,Vorpommern-Greifswald
9072,Vorpommern-Greifswald
9073,Vorpommern-Greifswald
9074,Vorpommern-Greifswald
9075,Vorpommern-Greifswald
9076,Vorpommern-Greifswald
9077,Vorpommern-Greifswald
9078,Vorpommern-Greifswald
9079,Vorpommern-Greifswald
9080,Vorpommern-Greifswald
9081,Vorpommern-Greifswald
9082,Vorpommern-Greifswald
9083,Vorpommern-Greifswald
9084,Vorpommern-Greifswald
9085,Vorpommern-Greifswald
9086,Vorpommern-Greifswald
9087,Vorpommern-Greifswald
9088,Vorpommern-Greifswald
9089,Vorpommern-Greifswald
9090,Heidekreis
9091,Heidekreis
9092,Heidekreis
9093,Heidekreis
9094,Heidekreis
9095,Heidekreis
9096,Heidekreis
9097,Heidekreis
9098,Heidekreis
9099,Heidekreis
9100,Heidekreis
9101,Heidekreis
9102,Heidekreis
9103,Heidekreis
9104,Heidekreis
9105,Heidekreis
9106,Heidekreis
9107,Heidekreis
9108,Heidekreis
9109,Heidekreis
9110,Heidekreis
9111,Heidekreis
9112,Heidekreis
9113,Heidekreis
9114,Mansfeld-Südharz
9115,Mansfeld-Südharz
9116,Mansfeld-Südharz
9117,Mansfeld-Südharz
9118,Mansfeld-Südharz
9119,Mansfeld-Südharz
9120,Mansfeld-Südharz
9121,Mansfeld-Südharz
9122,Mansfeld-Südharz
9123,Mansfeld-Südharz
9124,Mansfeld-Südharz
9125,Mansfeld-Südharz
9126,Mansfeld-Südharz
9127,Mansfeld-Südharz
9128,Mansfeld-Südharz
9129,Mansfeld-Südharz
9130,Mansfeld-Südharz
9131,Mansfeld-Südharz
9132,Mansfeld-Südharz
9133,Mansfeld-Südharz
9134,Mansfeld-Südharz
9135,Mansfeld-Südharz
9136,Vorpommern-Rügen
9137,Vorpommern-Rügen
9138,Vorpommern-Rügen
9139,Vorpommern-Rügen
9140,Vorpommern-Rügen
9141,Vorpommern-Rügen
9142,Vorpommern-Rügen
9143,Vorpommern-Rügen
9144,Vorpommern-Rügen
9145,Vorpommern-Rügen
9146,Vorpommern-Rügen
9147,Vorpommern-Rügen
9148,Vorpommern-Rügen
9149,Vorpommern-Rügen
9150,Vorpommern-Rügen
9151,Vorpommern-Rügen
9152,Vorpommern-Rügen
9153,Vorpommern-Rügen
9154,Vorpommern-Rügen
9155,Vorpommern-Rügen
9156,Vorpommern-Rügen
9157,Vorpommern-Rügen
9158,Vorpommern-Rügen
9159,Vorpommern-Rügen
9160,Vorpommern-Rügen
9161,Vorpommern-Rügen
9162,Vorpommern-Rügen
9163,Vorpommern-Rügen
9164,Vorpommern-Rügen
9165,Vorpommern-Rügen
9166,Vorpommern-Rügen
9167,Vorpommern-Rügen
9168,Vorpommern-Rügen
9169,Vorpommern-Rügen
9170,Vorpommern-Rügen
9171,Vorpommern-Rügen
9172,Vorpommern-Rügen
9173,Vorpommern-Rügen
9174,Vorpommern-Rügen
9175,Vorpommern-Rügen
9176,Vorpommern-Rügen
9177,Vorpommern-Rügen
9178,Vorpommern-Rügen
9179,Vorpommern-Rügen
9180,Vorpommern-Rügen
9181,Vorpommern-Rügen
9182,Vorpommern-Rügen
9183,Vorpommern-Rügen
9184,Vorpommern-Rügen
9185,Vorpommern-Rügen
9186,Vorpommern-Rügen
9187,Vorpommern-Rügen
9188,Vorpommern-Rügen
9189,Vorpommern-Rügen
9190,Vorpommern-Rügen
9191,Vorpommern-Rügen
9192,Vorpommern-Rügen
9193,Vorpommern-Rügen
9194,Vorpommern-Rügen
9195,Vorpommern-Rügen
9196,Vorpommern-Rügen
9197,Vorpommern-Rügen
9198,Vorpommern-Rügen
9199,Vorpommern-Rügen
9200,Vorpommern-Rügen
9201,Vorpommern-Rügen
9202,Vorpommern-Rügen
9203,Vorpommern-Rügen
9204,Vorpommern-Rügen
9205,Vorpommern-Rügen
9206,Vorpommern-Rügen
9207,Vorpommern-Rügen
9208,Vorpommern-Rügen
9209,Vorpommern-Rügen
9210,Vorpommern-Rügen
9211,Vorpommern-Rügen
9212,Vorpommern-Rügen
9213,Vorpommern-Rügen
9214,Vorpommern-Rügen
9215,Vorpommern-Rügen
9216,Vorpommern-Rügen
9217,Vorpommern-Rügen
9218,Vorpommern-Rügen
9219,Vorpommern-Rügen
9220,Vorpommern-Rügen
9221,Vorpommern-Rügen
9222,Vorpommern-Rügen
9223,Vorpommern-Rügen
9224,Vorpommern-Rügen
9225,Vorpommern-Rügen
9226,Vorpommern-Rügen
9227,Vorpommern-Rügen
9228,Vorpommern-Rügen
9229,Vorpommern-Rügen
9230,Vorpommern-Rügen
9231,Vorpommern-Rügen
9232,Vorpommern-Rügen
9233,Vorpommern-Rügen
9234,Vorpommern-Rügen
9235,Vorpommern-Rügen
9236,Vorpommern-Rügen
9237,Vorpommern-Rügen
9238,Vorpommern-Rügen
9239,Berchtesgadener
9240,Berchtesgadener
9241,Berchtesgadener
9242,Berchtesgadener
9243,Berchtesgadener
9244,Berchtesgadener
9245,Berchtesgadener
9246,Berchtesgadener
9247,Berchtesgadener
9248,Berchtesgadener
9249,Berchtesgadener
9250,Berchtesgadener
9251,Berchtesgadener
9252,Berchtesgadener
9253,Berchtesgadener
9254,Dillingen an der Donau
9255,Dillingen an der Donau
9256,Dillingen an der Donau
9257,Dillingen an der Donau
9258,Dillingen an der Donau
9259,Dillingen an der Donau
9260,Dillingen an der Donau
9261,Dillingen an der Donau
9262,Dillingen an der Donau
9263,Dillingen an der Donau
9264,Dillingen an der Donau
9265,Dillingen an der Donau
9266,Dillingen an der Donau
9267,Dillingen an der Donau
9268,Dillingen an der Donau
9269,Dillingen an der Donau
9270,Dillingen an der Donau
9271,Dillingen an der Donau
9272,Dillingen an der Donau
9273,Dillingen an der Donau
9274,Dillingen an der Donau
9275,Dillingen an der Donau
9276,Dillingen an der Donau
9277,Dillingen an der Donau
9278,Dillingen an der Donau
9279,Dillingen an der Donau
9280,Dillingen an der Donau
9281,Anhalt-Bitterfeld
9282,Anhalt-Bitterfeld
9283,Anhalt-Bitterfeld
9284,Anhalt-Bitterfeld
9285,Anhalt-Bitterfeld
9286,Anhalt-Bitterfeld
9287,Anhalt-Bitterfeld
9288,Anhalt-Bitterfeld
9289,Anhalt-Bitterfeld
9290,Anhalt-Bitterfeld
9291,Herzogtum Lauenburg
9292,Herzogtum Lauenburg
9293,Herzogtum Lauenburg
9294,Herzogtum Lauenburg
9295,Herzogtum Lauenburg
9296,Herzogtum Lauenburg
9297,Herzogtum Lauenburg
9298,Herzogtum Lauenburg
9299,Herzogtum Lauenburg
9300,Herzogtum Lauenburg
9301,Herzogtum Lauenburg
9302,Herzogtum Lauenburg
9303,Herzogtum Lauenburg
9304,Herzogtum Lauenburg
9305,Herzogtum Lauenburg
9306,Herzogtum Lauenburg
9307,Herzogtum Lauenburg
9308,Herzogtum Lauenburg
9309,Herzogtum Lauenburg
9310,Herzogtum Lauenburg
9311,Herzogtum Lauenburg
9312,Herzogtum Lauenburg
9313,Herzogtum Lauenburg
9314,Herzogtum Lauenburg
9315,Herzogtum Lauenburg
9316,Herzogtum Lauenburg
9317,Herzogtum Lauenburg
9318,Herzogtum Lauenburg
9319,Herzogtum Lauenburg
9320,Herzogtum Lauenburg
9321,Herzogtum Lauenburg
9322,Herzogtum Lauenburg
9323,Herzogtum Lauenburg
9324,Herzogtum Lauenburg
9325,Herzogtum Lauenburg
9326,Herzogtum Lauenburg
9327,Herzogtum Lauenburg
9328,Herzogtum Lauenburg
9329,Herzogtum Lauenburg
9330,Herzogtum Lauenburg
9331,Herzogtum Lauenburg
9332,Herzogtum Lauenburg
9333,Herzogtum Lauenburg
9334,Herzogtum Lauenburg
9335,Herzogtum Lauenburg
9336,Herzogtum Lauenburg
9337,Herzogtum Lauenburg
9338,Herzogtum Lauenburg
9339,Herzogtum Lauenburg
9340,Herzogtum Lauenburg
9341,Herzogtum Lauenburg
9342,Herzogtum Lauenburg
9343,Herzogtum Lauenburg
9344,Herzogtum Lauenburg
9345,Herzogtum Lauenburg
9346,Herzogtum Lauenburg
9347,Herzogtum Lauenburg
9348,Herzogtum Lauenburg
9349,Herzogtum Lauenburg
9350,Herzogtum Lauenburg
9351,Herzogtum Lauenburg
9352,Herzogtum Lauenburg
9353,Herzogtum Lauenburg
9354,Herzogtum Lauenburg
9355,Herzogtum Lauenburg
9356,Herzogtum Lauenburg
9357,Herzogtum Lauenburg
9358,Herzogtum Lauenburg
9359,Herzogtum Lauenburg
9360,Herzogtum Lauenburg
9361,Herzogtum Lauenburg
9362,Herzogtum Lauenburg
9363,Herzogtum Lauenburg
9364,Herzogtum Lauenburg
9365,Herzogtum Lauenburg
9366,Herzogtum Lauenburg
9367,Herzogtum Lauenburg
9368,Herzogtum Lauenburg
9369,Herzogtum Lauenburg
9370,Herzogtum Lauenburg
9371,Herzogtum Lauenburg
9372,Herzogtum Lauenburg
9373,Herzogtum Lauenburg
9374,Herzogtum Lauenburg
9375,Herzogtum Lauenburg
9376,Herzogtum Lauenburg
9377,Herzogtum Lauenburg
9378,Herzogtum Lauenburg
9379,Herzogtum Lauenburg
9380,Herzogtum Lauenburg
9381,Herzogtum Lauenburg
9382,Herzogtum Lauenburg
9383,Herzogtum Lauenburg
9384,Herzogtum Lauenburg
9385,Herzogtum Lauenburg
9386,Herzogtum Lauenburg
9387,Herzogtum Lauenburg
9388,Herzogtum Lauenburg
9389,Herzogtum Lauenburg
9390,Herzogtum Lauenburg
9391,Herzogtum Lauenburg
9392,Herzogtum Lauenburg
9393,Herzogtum Lauenburg
9394,Herzogtum Lauenburg
9395,Herzogtum Lauenburg
9396,Herzogtum Lauenburg
9397,Herzogtum Lauenburg
9398,Herzogtum Lauenburg
9399,Herzogtum Lauenburg
9400,Herzogtum Lauenburg
9401,Herzogtum Lauenburg
9402,Herzogtum Lauenburg
9403,Herzogtum Lauenburg
9404,Herzogtum Lauenburg
9405,Herzogtum Lauenburg
9406,Herzogtum Lauenburg
9407,Herzogtum Lauenburg
9408,Herzogtum Lauenburg
9409,Herzogtum Lauenburg
9410,Herzogtum Lauenburg
9411,Herzogtum Lauenburg
9412,Herzogtum Lauenburg
9413,Herzogtum Lauenburg
9414,Herzogtum Lauenburg
9415,Herzogtum Lauenburg
9416,Herzogtum Lauenburg
9417,Herzogtum Lauenburg
9418,Herzogtum Lauenburg
9419,Herzogtum Lauenburg
9420,Herzogtum Lauenburg
9421,Herzogtum Lauenburg
9422,Herzogtum Lauenburg
9423,Rems-Murr
9424,Rems-Murr
9425,Rems-Murr
9426,Rems-Murr
9427,Rems-Murr
9428,Rems-Murr
9429,Rems-Murr
9430,Rems-Murr
9431,Rems-Murr
9432,Rems-Murr
9433,Rems-Murr
9434,Rems-Murr
9435,Rems-Murr
9436,Rems-Murr
9437,Rems-Murr
9438,Rems-Murr
9439,Rems-Murr
9440,Rems-Murr
9441,Rems-Murr
9442,Rems-Murr
9443,Rems-Murr
9444,Rems-Murr
9445,Rems-Murr
9446,Rems-Murr
9447,Rems-Murr
9448,Rems-Murr
9449,Rems-Murr
9450,Rems-Murr
9451,Rems-Murr
9452,Rems-Murr
9453,Rems-Murr
9454,Nürnberger
9455,Nürnberger
9456,Nürnberger
9457,Nürnberger
9458,Nürnberger
9459,Nürnberger
9460,Nürnberger
9461,Nürnberger
9462,Nürnberger
9463,Nürnberger
9464,Nürnberger
9465,Nürnberger
9466,Nürnberger
9467,Nürnberger
9468,Nürnberger
9469,Nürnberger
9470,Nürnberger
9471,Nürnberger
9472,Nürnberger
9473,Nürnberger
9474,Nürnberger
9475,Nürnberger
9476,Nürnberger
9477,Nürnberger
9478,Nürnberger
9479,Nürnberger
9480,Nürnberger
9481,Ilm
9482,Ilm
9483,Ilm
9484,Ilm
9485,Ilm
9486,Ilm
9487,Ilm
9488,Ilm
9489,Ilm
9490,Ilm
9491,Ilm
9492,Ilm
9493,Ilm
9494,Ilm
9495,Ilm
9496,Ilm
9497,Ilm
9498,Ilm
9499,Ilm
9500,Ilm
9501,Ilm
9502,Ilm
9503,Ilm
9504,Ilm
9505,Ilm
9506,Ilm
9507,Ilm
9508,Ilm
9509,Ilm
9510,Ilm
9511,Ilm
9512,Ilm
9513,Ilm
9514,Ilm
9515,Ilm
9516,Ilm
9517,Ilm
9518,Salzlandkreis
9519,Salzlandkreis
9520,Salzlandkreis
9521,Salzlandkreis
9522,Salzlandkreis
9523,Salzlandkreis
9524,Salzlandkreis
9525,Salzlandkreis
9526,Salzlandkreis
9527,Salzlandkreis
9528,Salzlandkreis
9529,Salzlandkreis
9530,Salzlandkreis
9531,Salzlandkreis
9532,Salzlandkreis
9533,Salzlandkreis
9534,Salzlandkreis
9535,Salzlandkreis
9536,Salzlandkreis
9537,Salzlandkreis
9538,Salzlandkreis
9539,Märkischer
9540,Märkischer
9541,Märkischer
9542,Märkischer
9543,Märkischer
9544,Märkischer
9545,Märkischer
9546,Märkischer
9547,Märkischer
9548,Märkischer
9549,Märkischer
9550,Märkischer
9551,Märkischer
9552,Märkischer
9553,Märkischer
9554,Sächsische Schweiz-Osterzgebirge
9555,Sächsische Schweiz-Osterzgebirge
9556,Sächsische Schweiz-Osterzgebirge
9557,Sächsische Schweiz-Osterzgebirge
9558,Sächsische Schweiz-Osterzgebirge
9559,Sächsische Schweiz-Osterzgebirge
9560,Sächsische Schweiz-Osterzgebirge
9561,Sächsische Schweiz-Osterzgebirge
9562,Sächsische Schweiz-Osterzgebirge
9563,Sächsische Schweiz-Osterzgebirge
9564,Sächsische Schweiz-Osterzgebirge
9565,Sächsische Schweiz-Osterzgebirge
9566,Sächsische Schweiz-Osterzgebirge
9567,Sächsische Schweiz-Osterzgebirge
9568,Sächsische Schweiz-Osterzgebirge
9569,Sächsische Schweiz-Osterzgebirge
9570,Sächsische Schweiz-Osterzgebirge
9571,Sächsische Schweiz-Osterzgebirge
9572,Sächsische Schweiz-Osterzgebirge
9573,Sächsische Schweiz-Osterzgebirge
9574,Sächsische Schweiz-Osterzgebirge
9575,Sächsische Schweiz-Osterzgebirge
9576,Sächsische Schweiz-Osterzgebirge
9577,Sächsische Schweiz-Osterzgebirge
9578,Sächsische Schweiz-Osterzgebirge
9579,Sächsische Schweiz-Osterzgebirge
9580,Sächsische Schweiz-Osterzgebirge
9581,Sächsische Schweiz-Osterzgebirge
9582,Sächsische Schweiz-Osterzgebirge
9583,Sächsische Schweiz-Osterzgebirge
9584,Sächsische Schweiz-Osterzgebirge
9585,Sächsische Schweiz-Osterzgebirge
9586,Sächsische Schweiz-Osterzgebirge
9587,Sächsische Schweiz-Osterzgebirge
9588,Sächsische Schweiz-Osterzgebirge
9589,Sächsische Schweiz-Osterzgebirge
9590,Altenburger
9591,Altenburger
9592,Altenburger
9593,Altenburger
9594,Altenburger
9595,Altenburger
9596,Altenburger
9597,Altenburger
9598,Altenburger
9599,Altenburger
9600,Altenburger
9601,Altenburger
9602,Altenburger
9603,Altenburger
9604,Altenburger
9605,Altenburger
9606,Altenburger
9607,Altenburger
9608,Altenburger
9609,Altenburger
9610,Altenburger
9611,Altenburger
9612,Altenburger
9613,Altenburger
9614,Altenburger
9615,Altenburger
9616,Altenburger
9617,Altenburger
9618,Altenburger
9619,Altenburger
9620,Altenburger
9621,Altenburger
9622,Altenburger
9623,Altenburger
9624,Altenburger
9625,Mecklenburgische Seenplatte
9626,Mecklenburgische Seenplatte
9627,Mecklenburgische Seenplatte
9628,Mecklenburgische Seenplatte
9629,Mecklenburgische Seenplatte
9630,Mecklenburgische Seenplatte
9631,Mecklenburgische Seenplatte
9632,Mecklenburgische Seenplatte
9633,Mecklenburgische Seenplatte
9634,Mecklenburgische Seenplatte
9635,Mecklenburgische Seenplatte
9636,Mecklenburgische Seenplatte
9637,Mecklenburgische Seenplatte
9638,Mecklenburgische Seenplatte
9639,Mecklenburgische Seenplatte
9640,Mecklenburgische Seenplatte
9641,Mecklenburgische Seenplatte
9642,Mecklenburgische Seenplatte
9643,Mecklenburgische Seenplatte
9644,Mecklenburgische Seenplatte
9645,Mecklenburgische Seenplatte
9646,Mecklenburgische Seenplatte
9647,Mecklenburgische Seenplatte
9648,Mecklenburgische Seenplatte
9649,Mecklenburgische Seenplatte
9650,Mecklenburgische Seenplatte
9651,Mecklenburgische Seenplatte
9652,Mecklenburgische Seenplatte
9653,Mecklenburgische Seenplatte
9654,Mecklenburgische Seenplatte
9655,Mecklenburgische Seenplatte
9656,Mecklenburgische Seenplatte
9657,Mecklenburgische Seenplatte
9658,Mecklenburgische Seenplatte
9659,Mecklenburgische Seenplatte
9660,Mecklenburgische Seenplatte
9661,Mecklenburgische Seenplatte
9662,Mecklenburgische Seenplatte
9663,Mecklenburgische Seenplatte
9664,Mecklenburgische Seenplatte
9665,Mecklenburgische Seenplatte
9666,Mecklenburgische Seenplatte
9667,Mecklenburgische Seenplatte
9668,Mecklenburgische Seenplatte
9669,Mecklenburgische Seenplatte
9670,Mecklenburgische Seenplatte
9671,Mecklenburgische Seenplatte
9672,Mecklenburgische Seenplatte
9673,Mecklenburgische Seenplatte
9674,Mecklenburgische Seenplatte
9675,Mecklenburgische Seenplatte
9676,Mecklenburgische Seenplatte
9677,Mecklenburgische Seenplatte
9678,Mecklenburgische Seenplatte
9679,Mecklenburgische Seenplatte
9680,Mecklenburgische Seenplatte
9681,Mecklenburgische Seenplatte
9682,Mecklenburgische Seenplatte
9683,Mecklenburgische Seenplatte
9684,Mecklenburgische Seenplatte
9685,Mecklenburgische Seenplatte
9686,Mecklenburgische Seenplatte
9687,Mecklenburgische Seenplatte
9688,Mecklenburgische Seenplatte
9689,Mecklenburgische Seenplatte
9690,Mecklenburgische Seenplatte
9691,Mecklenburgische Seenplatte
9692,Mecklenburgische Seenplatte
9693,Mecklenburgische Seenplatte
9694,Mecklenburgische Seenplatte
9695,Mecklenburgische Seenplatte
9696,Mecklenburgische Seenplatte
9697,Mecklenburgische Seenplatte
9698,Mecklenburgische Seenplatte
9699,Mecklenburgische Seenplatte
9700,Mecklenburgische Seenplatte
9701,Mecklenburgische Seenplatte
9702,Mecklenburgische Seenplatte
9703,Mecklenburgische Seenplatte
9704,Mecklenburgische Seenplatte
9705,Mecklenburgische Seenplatte
9706,Mecklenburgische Seenplatte
9707,Mecklenburgische Seenplatte
9708,Mecklenburgische Seenplatte
9709,Mecklenburgische Seenplatte
9710,Mecklenburgische Seenplatte
9711,Mecklenburgische Seenplatte
9712,Mecklenburgische Seenplatte
9713,Mecklenburgische Seenplatte
9714,Mecklenburgische Seenplatte
9715,Mecklenburgische Seenplatte
9716,Mecklenburgische Seenplatte
9717,Mecklenburgische Seenplatte
9718,Mecklenburgische Seenplatte
9719,Mecklenburgische Seenplatte
9720,Mecklenburgische Seenplatte
9721,Mecklenburgische Seenplatte
9722,Mecklenburgische Seenplatte
9723,Mecklenburgische Seenplatte
9724,Mecklenburgische Seenplatte
9725,Mecklenburgische Seenplatte
9726,Mecklenburgische Seenplatte
9727,Mecklenburgische Seenplatte
9728,Mecklenburgische Seenplatte
9729,Mecklenburgische Seenplatte
9730,Mecklenburgische Seenplatte
9731,Mecklenburgische Seenplatte
9732,Mecklenburgische Seenplatte
9733,Mecklenburgische Seenplatte
9734,Mecklenburgische Seenplatte
9735,Mecklenburgische Seenplatte
9736,Mecklenburgische Seenplatte
9737,Mecklenburgische Seenplatte
9738,Mecklenburgische Seenplatte
9739,Mecklenburgische Seenplatte
9740,Mecklenburgische Seenplatte
9741,Mecklenburgische Seenplatte
9742,Mecklenburgische Seenplatte
9743,Mecklenburgische Seenplatte
9744,Mecklenburgische Seenplatte
9745,Mecklenburgische Seenplatte
9746,Mecklenburgische Seenplatte
9747,Mecklenburgische Seenplatte
9748,Mecklenburgische Seenplatte
9749,Mecklenburgische Seenplatte
9750,Mecklenburgische Seenplatte
9751,Mecklenburgische Seenplatte
9752,Mecklenburgische Seenplatte
9753,Mecklenburgische Seenplatte
9754,Mecklenburgische Seenplatte
9755,Mecklenburgische Seenplatte
9756,Mecklenburgische Seenplatte
9757,Mecklenburgische Seenplatte
9758,Mecklenburgische Seenplatte
9759,Mecklenburgische Seenplatte
9760,Mecklenburgische Seenplatte
9761,Mecklenburgische Seenplatte
9762,Mecklenburgische Seenplatte
9763,Mecklenburgische Seenplatte
9764,Mecklenburgische Seenplatte
9765,Mecklenburgische Seenplatte
9766,Mecklenburgische Seenplatte
9767,Mecklenburgische Seenplatte
9768,Mecklenburgische Seenplatte
9769,Mecklenburgische Seenplatte
9770,Mecklenburgische Seenplatte
9771,Mecklenburgische Seenplatte
9772,Mecklenburgische Seenplatte
9773,Mecklenburgische Seenplatte
9774,Mecklenburgische Seenplatte
9775,Mecklenburgische Seenplatte
9776,Mecklenburgische Seenplatte
9777,Mecklenburgische Seenplatte
9778,Mecklenburgische Seenplatte
9779,Mecklenburgische Seenplatte
9780,Mecklenburgische Seenplatte
9781,Börde
9782,Börde
9783,Börde
9784,Börde
9785,Börde
9786,Börde
9787,Börde
9788,Börde
9789,Börde
9790,Börde
9791,Börde
9792,Börde
9793,Börde
9794,Börde
9795,Börde
9796,Börde
9797,Börde
9798,Börde
9799,Börde
9800,Börde
9801,Börde
9802,Börde
9803,Börde
9804,Börde
9805,Börde
9806,Börde
9807,Börde
9808,Börde
9809,Börde
9810,Börde
9811,Börde
9812,Börde
9813,Börde
9814,Börde
9815,Neustadt an der Waldnaab
9816,Neustadt an der Waldnaab
9817,Neustadt an der Waldnaab
9818,Neustadt an der Waldnaab
9819,Neustadt an der Waldnaab
9820,Neustadt an der Waldnaab
9821,Neustadt an der Waldnaab
9822,Neustadt an der Waldnaab
9823,Neustadt an der Waldnaab
9824,Neustadt an der Waldnaab
9825,Neustadt an der Waldnaab
9826,Neustadt an der Waldnaab
9827,Neustadt an der Waldnaab
9828,Neustadt an der Waldnaab
9829,Neustadt an der Waldnaab
9830,Neustadt an der Waldnaab
9831,Neustadt an der Waldnaab
9832,Neustadt an der Waldnaab
9833,Neustadt an der Waldnaab
9834,Neustadt an der Waldnaab
9835,Neustadt an der Waldnaab
9836,Neustadt an der Waldnaab
9837,Neustadt an der Waldnaab
9838,Neustadt an der Waldnaab
9839,Neustadt an der Waldnaab
9840,Neustadt an der Waldnaab
9841,Neustadt an der Waldnaab
9842,Neustadt an der Waldnaab
9843,Neustadt an der Waldnaab
9844,Neustadt an der Waldnaab
9845,Neustadt an der Waldnaab
9846,Neustadt an der Waldnaab
9847,Neustadt an der Waldnaab
9848,Neustadt an der Waldnaab
9849,Neustadt an der Waldnaab
9850,Neustadt an der Waldnaab
9851,Neustadt an der Waldnaab
9852,Neustadt an der Waldnaab
9853,Ludwigslust-Parchim
9854,Ludwigslust-Parchim
9855,Ludwigslust-Parchim
9856,Ludwigslust-Parchim
9857,Ludwigslust-Parchim
9858,Ludwigslust-Parchim
9859,Ludwigslust-Parchim
9860,Ludwigslust-Parchim
9861,Ludwigslust-Parchim
9862,Ludwigslust-Parchim
9863,Ludwigslust-Parchim
9864,Ludwigslust-Parchim
9865,Ludwigslust-Parchim
9866,Ludwigslust-Parchim
9867,Ludwigslust-Parchim
9868,Ludwigslust-Parchim
9869,Ludwigslust-Parchim
9870,Ludwigslust-Parchim
9871,Ludwigslust-Parchim
9872,Ludwigslust-Parchim
9873,Ludwigslust-Parchim
9874,Ludwigslust-Parchim
9875,Ludwigslust-Parchim
9876,Ludwigslust-Parchim
9877,Ludwigslust-Parchim
9878,Ludwigslust-Parchim
9879,Ludwigslust-Parchim
9880,Ludwigslust-Parchim
9881,Ludwigslust-Parchim
9882,Ludwigslust-Parchim
9883,Ludwigslust-Parchim
9884,Ludwigslust-Parchim
9885,Ludwigslust-Parchim
9886,Ludwigslust-Parchim
9887,Ludwigslust-Parchim
9888,Ludwigslust-Parchim
9889,Ludwigslust-Parchim
9890,Ludwigslust-Parchim
9891,Ludwigslust-Parchim
9892,Ludwigslust-Parchim
9893,Ludwigslust-Parchim
9894,Ludwigslust-Parchim
9895,Ludwigslust-Parchim
9896,Ludwigslust-Parchim
9897,Ludwigslust-Parchim
9898,Ludwigslust-Parchim
9899,Ludwigslust-Parchim
9900,Ludwigslust-Parchim
9901,Ludwigslust-Parchim
9902,Ludwigslust-Parchim
9903,Ludwigslust-Parchim
9904,Ludwigslust-Parchim
9905,Ludwigslust-Parchim
9906,Ludwigslust-Parchim
9907,Ludwigslust-Parchim
9908,Ludwigslust-Parchim
9909,Ludwigslust-Parchim
9910,Ludwigslust-Parchim
9911,Ludwigslust-Parchim
9912,Ludwigslust-Parchim
9913,Ludwigslust-Parchim
9914,Ludwigslust-Parchim
9915,Ludwigslust-Parchim
9916,Ludwigslust-Parchim
9917,Ludwigslust-Parchim
9918,Ludwigslust-Parchim
9919,Ludwigslust-Parchim
9920,Ludwigslust-Parchim
9921,Ludwigslust-Parchim
9922,Ludwigslust-Parchim
9923,Ludwigslust-Parchim
9924,Ludwigslust-Parchim
9925,Ludwigslust-Parchim
9926,Ludwigslust-Parchim
9927,Ludwigslust-Parchim
9928,Ludwigslust-Parchim
9929,Ludwigslust-Parchim
9930,Ludwigslust-Parchim
9931,Ludwigslust-Parchim
9932,Ludwigslust-Parchim
9933,Ludwigslust-Parchim
9934,Ludwigslust-Parchim
9935,Ludwigslust-Parchim
9936,Ludwigslust-Parchim
9937,Ludwigslust-Parchim
9938,Ludwigslust-Parchim
9939,Ludwigslust-Parchim
9940,Ludwigslust-Parchim
9941,Ludwigslust-Parchim
9942,Ludwigslust-Parchim
9943,Ludwigslust-Parchim
9944,Ludwigslust-Parchim
9945,Ludwigslust-Parchim
9946,Ludwigslust-Parchim
9947,Ludwigslust-Parchim
9948,Ludwigslust-Parchim
9949,Ludwigslust-Parchim
9950,Ludwigslust-Parchim
9951,Ludwigslust-Parchim
9952,Ludwigslust-Parchim
9953,Ludwigslust-Parchim
9954,Ludwigslust-Parchim
9955,Ludwigslust-Parchim
9956,Ludwigslust-Parchim
9957,Ludwigslust-Parchim
9958,Ludwigslust-Parchim
9959,Ludwigslust-Parchim
9960,Ludwigslust-Parchim
9961,Ludwigslust-Parchim
9962,Ludwigslust-Parchim
9963,Ludwigslust-Parchim
9964,Ludwigslust-Parchim
9965,Ludwigslust-Parchim
9966,Ludwigslust-Parchim
9967,Ludwigslust-Parchim
9968,Ludwigslust-Parchim
9969,Ludwigslust-Parchim
9970,Ludwigslust-Parchim
9971,Ludwigslust-Parchim
9972,Ludwigslust-Parchim
9973,Ludwigslust-Parchim
9974,Ludwigslust-Parchim
9975,Ludwigslust-Parchim
9976,Ludwigslust-Parchim
9977,Ludwigslust-Parchim
9978,Ludwigslust-Parchim
9979,Ludwigslust-Parchim
9980,Ludwigslust-Parchim
9981,Ludwigslust-Parchim
9982,Ludwigslust-Parchim
9983,Ludwigslust-Parchim
9984,Ludwigslust-Parchim
9985,Ludwigslust-Parchim
9986,Ludwigslust-Parchim
9987,Ludwigslust-Parchim
9988,Ludwigslust-Parchim
9989,Ludwigslust-Parchim
9990,Ludwigslust-Parchim
9991,Ludwigslust-Parchim
9992,Ludwigslust-Parchim
9993,Ludwigslust-Parchim
9994,Ludwigslust-Parchim
9995,Ludwigslust-Parchim
9996,Ludwigslust-Parchim
9997,Ludwigslust-Parchim
9998,Ludwigslust-Parchim
9999,Ludwigslust-Parchim
10000,Rhein-Neckar
10001,Rhein-Neckar
10002,Rhein-Neckar
10003,Rhein-Neckar
10004,Rhein-Neckar
10005,Rhein-Neckar
10006,Rhein-Neckar
10007,Rhein-Neckar
10008,Rhein-Neckar
10009,Rhein-Neckar
10010,Rhein-Neckar
10011,Rhein-Neckar
10012,Rhein-Neckar
10013,Rhein-Neckar
10014,Rhein-Neckar
10015,Rhein-Neckar
10016,Rhein-Neckar
10017,Rhein-Neckar
10018,Rhein-Neckar
10019,Rhein-Neckar
10020,Rhein-Neckar
10021,Rhein-Neckar
10022,Rhein-Neckar
10023,Rhein-Neckar
10024,Rhein-Neckar
10025,Rhein-Neckar
10026,Rhein-Neckar
10027,Rhein-Neckar
10028,Rhein-Neckar
10029,Rhein-Neckar
10030,Rhein-Neckar
10031,Rhein-Neckar
10032,Rhein-Neckar
10033,Rhein-Neckar
10034,Rhein-Neckar
10035,Rhein-Neckar
10036,Rhein-Neckar
10037,Rhein-Neckar
10038,Rhein-Neckar
10039,Rhein-Neckar
10040,Rhein-Neckar
10041,Rhein-Neckar
10042,Rhein-Neckar
10043,Rhein-Neckar
10044,Rhein-Neckar
10045,Rhein-Neckar
10046,Rhein-Neckar
10047,Rhein-Neckar
10048,Rhein-Neckar
10049,Rhein-Neckar
10050,Rhein-Neckar
10051,Rhein-Neckar
10052,Rhein-Neckar
10053,Rhein-Neckar
10054,Mittelsachsen
10055,Mittelsachsen
10056,Mittelsachsen
10057,Mittelsachsen
10058,Mittelsachsen
10059,Mittelsachsen
10060,Mittelsachsen
10061,Mittelsachsen
10062,Mittelsachsen
10063,Mittelsachsen
10064,Mittelsachsen
10065,Mittelsachsen
10066,Mittelsachsen
10067,Mittelsachsen
10068,Mittelsachsen
10069,Mittelsachsen
10070,Mittelsachsen
10071,Mittelsachsen
10072,Mittelsachsen
10073,Mittelsachsen
10074,Mittelsachsen
10075,Mittelsachsen
10076,Mittelsachsen
10077,Mittelsachsen
10078,Mittelsachsen
10079,Mittelsachsen
10080,Mittelsachsen
10081,Mittelsachsen
10082,Mittelsachsen
10083,Mittelsachsen
10084,Mittelsachsen
10085,Mittelsachsen
10086,Mittelsachsen
10087,Mittelsachsen
10088,Mittelsachsen
10089,Mittelsachsen
10090,Mittelsachsen
10091,Mittelsachsen
10092,Mittelsachsen
10093,Mittelsachsen
10094,Mittelsachsen
10095,Mittelsachsen
10096,Mittelsachsen
10097,Mittelsachsen
10098,Mittelsachsen
10099,Mittelsachsen
10100,Mittelsachsen
10101,Mittelsachsen
10102,Mittelsachsen
10103,Mittelsachsen
10104,Mittelsachsen
10105,Mittelsachsen
10106,Mittelsachsen
10107,Rhein-Pfalz
10108,Rhein-Pfalz
10109,Rhein-Pfalz
10110,Rhein-Pfalz
10111,Rhein-Pfalz
10112,Rhein-Pfalz
10113,Rhein-Pfalz
10114,Rhein-Pfalz
10115,Rhein-Pfalz
10116,Rhein-Pfalz
10117,Rhein-Pfalz
10118,Rhein-Pfalz
10119,Rhein-Pfalz
10120,Rhein-Pfalz
10121,Rhein-Pfalz
10122,Rhein-Pfalz
10123,Rhein-Pfalz
10124,Rhein-Pfalz
10125,Rhein-Pfalz
10126,Rhein-Pfalz
10127,Rhein-Pfalz
10128,Rhein-Pfalz
10129,Rhein-Pfalz
10130,Rhein-Pfalz
10131,Rhein-Pfalz
10132,Amberg
10133,Mühldorf am Inn
10134,Mühldorf am Inn
10135,Mühldorf am Inn
10136,Mühldorf am Inn
10137,Mühldorf am Inn
10138,Mühldorf am Inn
10139,Mühldorf am Inn
10140,Mühldorf am Inn
10141,Mühldorf am Inn
10142,Mühldorf am Inn
10143,Mühldorf am Inn
10144,Mühldorf am Inn
10145,Mühldorf am Inn
10146,Mühldorf am Inn
10147,Mühldorf am Inn
10148,Mühldorf am Inn
10149,Mühldorf am Inn
10150,Mühldorf am Inn
10151,Mühldorf am Inn
10152,Mühldorf am Inn
10153,Mühldorf am Inn
10154,Mühldorf am Inn
10155,Mühldorf am Inn
10156,Mühldorf am Inn
10157,Mühldorf am Inn
10158,Mühldorf am Inn
10159,Mühldorf am Inn
10160,Mühldorf am Inn
10161,Mühldorf am Inn
10162,Mühldorf am Inn
10163,Mühldorf am Inn
10164,Erzgebirgskreis
10165,Erzgebirgskreis
10166,Erzgebirgskreis
10167,Erzgebirgskreis
10168,Erzgebirgskreis
10169,Erzgebirgskreis
10170,Erzgebirgskreis
10171,Erzgebirgskreis
10172,Erzgebirgskreis
10173,Erzgebirgskreis
10174,Erzgebirgskreis
10175,Erzgebirgskreis
10176,Erzgebirgskreis
10177,Erzgebirgskreis
10178,Erzgebirgskreis
10179,Erzgebirgskreis
10180,Erzgebirgskreis
10181,Erzgebirgskreis
10182,Erzgebirgskreis
10183,Erzgebirgskreis
10184,Erzgebirgskreis
10185,Erzgebirgskreis
10186,Erzgebirgskreis
10187,Erzgebirgskreis
10188,Erzgebirgskreis
10189,Erzgebirgskreis
10190,Erzgebirgskreis
10191,Erzgebirgskreis
10192,Erzgebirgskreis
10193,Erzgebirgskreis
10194,Erzgebirgskreis
10195,Erzgebirgskreis
10196,Erzgebirgskreis
10197,Erzgebirgskreis
10198,Erzgebirgskreis
10199,Erzgebirgskreis
10200,Erzgebirgskreis
10201,Erzgebirgskreis
10202,Erzgebirgskreis
10203,Erzgebirgskreis
10204,Erzgebirgskreis
10205,Erzgebirgskreis
10206,Erzgebirgskreis
10207,Erzgebirgskreis
10208,Erzgebirgskreis
10209,Erzgebirgskreis
10210,Erzgebirgskreis
10211,Erzgebirgskreis
10212,Erzgebirgskreis
10213,Erzgebirgskreis
10214,Erzgebirgskreis
10215,Erzgebirgskreis
10216,Erzgebirgskreis
10217,Erzgebirgskreis
10218,Erzgebirgskreis
10219,Erzgebirgskreis
10220,Erzgebirgskreis
10221,Erzgebirgskreis
10222,Erzgebirgskreis
10223,Erzgebirgskreis
10224,Landsberg am Lech
10225,Landsberg am Lech
10226,Landsberg am Lech
10227,Landsberg am Lech
10228,Landsberg am Lech
10229,Landsberg am Lech
10230,Landsberg am Lech
10231,Landsberg am Lech
10232,Landsberg am Lech
10233,Landsberg am Lech
10234,Landsberg am Lech
10235,Landsberg am Lech
10236,Landsberg am Lech
10237,Landsberg am Lech
10238,Landsberg am Lech
10239,Landsberg am Lech
10240,Landsberg am Lech
10241,Landsberg am Lech
10242,Landsberg am Lech
10243,Landsberg am Lech
10244,Landsberg am Lech
10245,Landsberg am Lech
10246,Landsberg am Lech
10247,Landsberg am Lech
10248,Landsberg am Lech
10249,Landsberg am Lech
10250,Landsberg am Lech
10251,Landsberg am Lech
10252,Landsberg am Lech
10253,Landsberg am Lech
10254,Landsberg am Lech
10255,Weimarer
10256,Weimarer
10257,Weimarer
10258,Weimarer
10259,Weimarer
10260,Weimarer
10261,Weimarer
10262,Weimarer
10263,Weimarer
10264,Weimarer
10265,Weimarer
10266,Weimarer
10267,Weimarer
10268,Weimarer
10269,Weimarer
10270,Weimarer
10271,Weimarer
10272,Weimarer
10273,Weimarer
10274,Weimarer
10275,Weimarer
10276,Weimarer
10277,Weimarer
10278,Weimarer
10279,Weimarer
10280,Weimarer
10281,Weimarer
10282,Weimarer
10283,Weimarer
10284,Weimarer
10285,Weimarer
10286,Weimarer
10287,Weimarer
10288,Weimarer
10289,Weimarer
10290,Weimarer
10291,Weimarer
10292,Weimarer
10293,Weimarer
10294,Weimarer
10295,Weimarer
10296,Weimarer
10297,Weimarer
10298,Weimarer
10299,Weimarer
10300,Weimarer
10301,Weimarer
10302,Weimarer
10303,Weimarer
10304,Weimarer
10305,Weimarer
10306,Weimarer
10307,Weimarer
10308,Weimarer
10309,Weimarer
10310,Weimarer
10311,Weimarer
10312,Weimarer
10313,Weimarer
10314,Weimarer
10315,Weimarer
10316,Weimarer
10317,Nordsachsen
10318,Nordsachsen
10319,Nordsachsen
10320,Nordsachsen
10321,Nordsachsen
10322,Nordsachsen
10323,Nordsachsen
10324,Nordsachsen
10325,Nordsachsen
10326,Nordsachsen
10327,Nordsachsen
10328,Nordsachsen
10329,Nordsachsen
10330,Nordsachsen
10331,Nordsachsen
10332,Nordsachsen
10333,Nordsachsen
10334,Nordsachsen
10335,Nordsachsen
10336,Nordsachsen
10337,Nordsachsen
10338,Nordsachsen
10339,Nordsachsen
10340,Nordsachsen
10341,Nordsachsen
10342,Nordsachsen
10343,Nordsachsen
10344,Nordsachsen
10345,Nordsachsen
10346,Nordsachsen
10347,Wunsiedel im Fichtelgebirge
10348,Wunsiedel im Fichtelgebirge
10349,Wunsiedel im Fichtelgebirge
10350,Wunsiedel im Fichtelgebirge
10351,Wunsiedel im Fichtelgebirge
10352,Wunsiedel im Fichtelgebirge
10353,Wunsiedel im Fichtelgebirge
10354,Wunsiedel im Fichtelgebirge
10355,Wunsiedel im Fichtelgebirge
10356,Wunsiedel im Fichtelgebirge
10357,Wunsiedel im Fichtelgebirge
10358,Wunsiedel im Fichtelgebirge
10359,Wunsiedel im Fichtelgebirge
10360,Wunsiedel im Fichtelgebirge
10361,Wunsiedel im Fichtelgebirge
10362,Wunsiedel im Fichtelgebirge
10363,Wunsiedel im Fichtelgebirge
10364,Lahn-Dill
10365,Lahn-Dill
10366,Lahn-Dill
10367,Lahn-Dill
10368,Lahn-Dill
10369,Lahn-Dill
10370,Lahn-Dill
10371,Lahn-Dill
10372,Lahn-Dill
10373,Lahn-Dill
10374,Lahn-Dill
10375,Lahn-Dill
10376,Lahn-Dill
10377,Lahn-Dill
10378,Lahn-Dill
10379,Lahn-Dill
10380,Lahn-Dill
10381,Lahn-Dill
10382,Lahn-Dill
10383,Lahn-Dill
10384,Lahn-Dill
10385,Lahn-Dill
10386,Lahn-Dill
10387,Pfaffenhofen an der Ilm
10388,Pfaffenhofen an der Ilm
10389,Pfaffenhofen an der Ilm
10390,Pfaffenhofen an der Ilm
10391,Pfaffenhofen an der Ilm
10392,Pfaffenhofen an der Ilm
10393,Pfaffenhofen an der Ilm
10394,Pfaffenhofen an der Ilm
10395,Pfaffenhofen an der Ilm
10396,Pfaffenhofen an der Ilm
10397,Pfaffenhofen an der Ilm
10398,Pfaffenhofen an der Ilm
10399,Pfaffenhofen an der Ilm
10400,Pfaffenhofen an der Ilm
10401,Pfaffenhofen an der Ilm
10402,Pfaffenhofen an der Ilm
10403,Pfaffenhofen an der Ilm
10404,Pfaffenhofen an der Ilm
10405,Pfaffenhofen an der Ilm
10406,Saalekreis
10407,Saalekreis
10408,Saalekreis
10409,Saalekreis
10410,Saalekreis
10411,Saalekreis
10412,Saalekreis
10413,Saalekreis
10414,Saalekreis
10415,Saalekreis
10416,Saalekreis
10417,Saalekreis
10418,Saalekreis
10419,Saalekreis
10420,Saalekreis
10421,Saalekreis
10422,Saalekreis
10423,Saalekreis
10424,Saalekreis
10425,Saalekreis
10426,Schwarzwald-Baar
10427,Schwarzwald-Baar
10428,Schwarzwald-Baar
10429,Schwarzwald-Baar
10430,Schwarzwald-Baar
10431,Schwarzwald-Baar
10432,Schwarzwald-Baar
10433,Schwarzwald-Baar
10434,Schwarzwald-Baar
10435,Schwarzwald-Baar
10436,Schwarzwald-Baar
10437,Schwarzwald-Baar
10438,Schwarzwald-Baar
10439,Schwarzwald-Baar
10440,Schwarzwald-Baar
10441,Schwarzwald-Baar
10442,Schwarzwald-Baar
10443,Schwarzwald-Baar
10444,Schwarzwald-Baar
10445,Schwarzwald-Baar
10446,Baden-Baden
10447,Leipzig
10448,Leipzig
10449,Leipzig
10450,Leipzig
10451,Leipzig
10452,Leipzig
10453,Leipzig
10454,Leipzig
10455,Leipzig
10456,Leipzig
10457,Leipzig
10458,Leipzig
10459,Leipzig
10460,Leipzig
10461,Leipzig
10462,Leipzig
10463,Leipzig
10464,Leipzig
10465,Leipzig
10466,Leipzig
10467,Leipzig
10468,Leipzig
10469,Leipzig
10470,Leipzig
10471,Leipzig
10472,Leipzig
10473,Leipzig
10474,Leipzig
10475,Leipzig
10476,Leipzig
10477,Leipzig
10478,Görlitz
10479,Görlitz
10480,Görlitz
10481,Görlitz
10482,Görlitz
10483,Görlitz
10484,Görlitz
10485,Görlitz
10486,Görlitz
10487,Görlitz
10488,Görlitz
10489,Görlitz
10490,Görlitz
10491,Görlitz
10492,Görlitz
10493,Görlitz
10494,Görlitz
10495,Görlitz
10496,Görlitz
10497,Görlitz
10498,Görlitz
10499,Görlitz
10500,Görlitz
10501,Görlitz
10502,Görlitz
10503,Görlitz
10504,Görlitz
10505,Görlitz
10506,Görlitz
10507,Görlitz
10508,Görlitz
10509,Görlitz
10510,Görlitz
10511,Görlitz
10512,Görlitz
10513,Görlitz
10514,Görlitz
10515,Görlitz
10516,Görlitz
10517,Görlitz
10518,Görlitz
10519,Görlitz
10520,Görlitz
10521,Görlitz
10522,Görlitz
10523,Görlitz
10524,Görlitz
10525,Görlitz
10526,Görlitz
10527,Görlitz
10528,Görlitz
10529,Görlitz
10530,Görlitz
10531,Main-Kinzig
10532,Main-Kinzig
10533,Main-Kinzig
10534,Main-Kinzig
10535,Main-Kinzig
10536,Main-Kinzig
10537,Main-Kinzig
10538,Main-Kinzig
10539,Main-Kinzig
10540,Main-Kinzig
10541,Main-Kinzig
10542,Main-Kinzig
10543,Main-Kinzig
10544,Main-Kinzig
10545,Main-Kinzig
10546,Main-Kinzig
10547,Main-Kinzig
10548,Main-Kinzig
10549,Main-Kinzig
10550,Main-Kinzig
10551,Main-Kinzig
10552,Main-Kinzig
10553,Main-Kinzig
10554,Main-Kinzig
10555,Main-Kinzig
10556,Main-Kinzig
10557,Main-Kinzig
10558,Main-Kinzig
10559,Main-Kinzig
10560,Main-Taunus
10561,Main-Taunus
10562,Main-Taunus
10563,Main-Taunus
10564,Main-Taunus
10565,Main-Taunus
10566,Main-Taunus
10567,Main-Taunus
10568,Main-Taunus
10569,Main-Taunus
10570,Main-Taunus
10571,Main-Taunus
10572,Werra-Meißner
10573,Werra-Meißner
10574,Werra-Meißner
10575,Werra-Meißner
10576,Werra-Meißner
10577,Werra-Meißner
10578,Werra-Meißner
10579,Werra-Meißner
10580,Werra-Meißner
10581,Werra-Meißner
10582,Werra-Meißner
10583,Werra-Meißner
10584,Werra-Meißner
10585,Werra-Meißner
10586,Werra-Meißner
10587,Werra-Meißner
10588,Neustadt an der Aisch-Bad Windsheim
10589,Neustadt an der Aisch-Bad Windsheim
10590,Neustadt an der Aisch-Bad Windsheim
10591,Neustadt an der Aisch-Bad Windsheim
10592,Neustadt an der Aisch-Bad Windsheim
10593,Neustadt an der Aisch-Bad Windsheim
10594,Neustadt an der Aisch-Bad Windsheim
10595,Neustadt an der Aisch-Bad Windsheim
10596,Neustadt an der Aisch-Bad Windsheim
10597,Neustadt an der Aisch-Bad Windsheim
10598,Neustadt an der Aisch-Bad Windsheim
10599,Neustadt an der Aisch-Bad Windsheim
10600,Neustadt an der Aisch-Bad Windsheim
10601,Neustadt an der Aisch-Bad Windsheim
10602,Neustadt an der Aisch-Bad Windsheim
10603,Neustadt an der Aisch-Bad Windsheim
10604,Neustadt an der Aisch-Bad Windsheim
10605,Neustadt an der Aisch-Bad Windsheim
10606,Neustadt an der Aisch-Bad Windsheim
10607,Neustadt an der Aisch-Bad Windsheim
10608,Neustadt an der Aisch-Bad Windsheim
10609,Neustadt an der Aisch-Bad Windsheim
10610,Neustadt an der Aisch-Bad Windsheim
10611,Neustadt an der Aisch-Bad Windsheim
10612,Neustadt an der Aisch-Bad Windsheim
10613,Neustadt an der Aisch-Bad Windsheim
10614,Neustadt an der Aisch-Bad Windsheim
10615,Neustadt an der Aisch-Bad Windsheim
10616,Neustadt an der Aisch-Bad Windsheim
10617,Neustadt an der Aisch-Bad Windsheim
10618,Neustadt an der Aisch-Bad Windsheim
10619,Neustadt an der Aisch-Bad Windsheim
10620,Neustadt an der Aisch-Bad Windsheim
10621,Neustadt an der Aisch-Bad Windsheim
10622,Neustadt an der Aisch-Bad Windsheim
10623,Neustadt an der Aisch-Bad Windsheim
10624,Neustadt an der Aisch-Bad Windsheim
10625,Neustadt an der Aisch-Bad Windsheim
10626,Schwalm-Eder
10627,Schwalm-Eder
10628,Schwalm-Eder
10629,Schwalm-Eder
10630,Schwalm-Eder
10631,Schwalm-Eder
10632,Schwalm-Eder
10633,Schwalm-Eder
10634,Schwalm-Eder
10635,Schwalm-Eder
10636,Schwalm-Eder
10637,Schwalm-Eder
10638,Schwalm-Eder
10639,Schwalm-Eder
10640,Schwalm-Eder
10641,Schwalm-Eder
10642,Schwalm-Eder
10643,Schwalm-Eder
10644,Schwalm-Eder
10645,Schwalm-Eder
10646,Schwalm-Eder
10647,Schwalm-Eder
10648,Schwalm-Eder
10649,Schwalm-Eder
10650,Schwalm-Eder
10651,Schwalm-Eder
10652,Schwalm-Eder
10653,Nienburg/Weser
10654,Nienburg/Weser
10655,Nienburg/Weser
10656,Nienburg/Weser
10657,Nienburg/Weser
10658,Nienburg/Weser
10659,Nienburg/Weser
10660,Nienburg/Weser
10661,Nienburg/Weser
10662,Nienburg/Weser
10663,Nienburg/Weser
10664,Nienburg/Weser
10665,Nienburg/Weser
10666,Nienburg/Weser
10667,Nienburg/Weser
10668,Nienburg/Weser
10669,Nienburg/Weser
10670,Nienburg/Weser
10671,Nienburg/Weser
10672,Nienburg/Weser
10673,Nienburg/Weser
10674,Nienburg/Weser
10675,Nienburg/Weser
10676,Nienburg/Weser
10677,Nienburg/Weser
10678,Nienburg/Weser
10679,Nienburg/Weser
10680,Nienburg/Weser
10681,Nienburg/Weser
10682,Nienburg/Weser
10683,Nienburg/Weser
10684,Nienburg/Weser
10685,Nienburg/Weser
10686,Nienburg/Weser
10687,Nienburg/Weser
10688,Nienburg/Weser
10689,Harz
10690,Harz
10691,Harz
10692,Harz
10693,Harz
10694,Harz
10695,Harz
10696,Harz
10697,Harz
10698,Harz
10699,Harz
10700,Harz
10701,Harz
10702,Harz
10703,Harz
10704,Harz
10705,Harz
10706,Harz
10707,Harz
10708,Harz
10709,Region Hannover
10710,Region Hannover
10711,Region Hannover
10712,Region Hannover
10713,Region Hannover
10714,Region Hannover
10715,Region Hannover
10716,Region Hannover
10717,Region Hannover
10718,Region Hannover
10719,Region Hannover
10720,Region Hannover
10721,Region Hannover
10722,Region Hannover
10723,Region Hannover
10724,Region Hannover
10725,Region Hannover
10726,Region Hannover
10727,Region Hannover
10728,Region Hannover
10729,Region Hannover
10730,Rhein-Erft
10731,Rhein-Erft
10732,Rhein-Erft
10733,Rhein-Erft
10734,Rhein-Erft
10735,Rhein-Erft
10736,Rhein-Erft
10737,Rhein-Erft
10738,Rhein-Erft
10739,Rhein-Erft
10740,Kleve
10741,Kleve
10742,Kleve
10743,Kleve
10744,Kleve
10745,Kleve
10746,Kleve
10747,Kleve
10748,Kleve
10749,Kleve
10750,Kleve
10751,Kleve
10752,Kleve
10753,Kleve
10754,Kleve
10755,Kleve
10756,Neumarkt in der Oberpfalz
10757,Neumarkt in der Oberpfalz
10758,Neumarkt in der Oberpfalz
10759,Neumarkt in der Oberpfalz
10760,Neumarkt in der Oberpfalz
10761,Neumarkt in der Oberpfalz
10762,Neumarkt in der Oberpfalz
10763,Neumarkt in der Oberpfalz
10764,Neumarkt in der Oberpfalz
10765,Neumarkt in der Oberpfalz
10766,Neumarkt in der Oberpfalz
10767,Neumarkt in der Oberpfalz
10768,Neumarkt in der Oberpfalz
10769,Neumarkt in der Oberpfalz
10770,Neumarkt in der Oberpfalz
10771,Neumarkt in der Oberpfalz
10772,Neumarkt in der Oberpfalz
10773,Neumarkt in der Oberpfalz
10774,Neumarkt in der Oberpfalz
10775,Rheinisch-Bergischer
10776,Rheinisch-Bergischer
10777,Rheinisch-Bergischer
10778,Rheinisch-Bergischer
10779,Rheinisch-Bergischer
10780,Rheinisch-Bergischer
10781,Rheinisch-Bergischer
10782,Rheinisch-Bergischer
10783,Oberbergischer
10784,Oberbergischer
10785,Oberbergischer
10786,Oberbergischer
10787,Oberbergischer
10788,Oberbergischer
10789,Oberbergischer
10790,Oberbergischer
10791,Oberbergischer
10792,Oberbergischer
10793,Oberbergischer
10794,Oberbergischer
10795,Oberbergischer
10796,Bodenseekreis
10797,Bodenseekreis
10798,Bodenseekreis
10799,Bodenseekreis
10800,Bodenseekreis
10801,Bodenseekreis
10802,Bodenseekreis
10803,Bodenseekreis
10804,Bodenseekreis
10805,Bodenseekreis
10806,Bodenseekreis
10807,Bodenseekreis
10808,Bodenseekreis
10809,Bodenseekreis
10810,Bodenseekreis
10811,Bodenseekreis
10812,Bodenseekreis
10813,Bodenseekreis
10814,Bodenseekreis
10815,Bodenseekreis
10816,Bodenseekreis
10817,Bodenseekreis
10818,Bodenseekreis
10819,Zwickau
10820,Zwickau
10821,Zwickau
10822,Zwickau
10823,Zwickau
10824,Zwickau
10825,Zwickau
10826,Zwickau
10827,Zwickau
10828,Zwickau
10829,Zwickau
10830,Zwickau
10831,Zwickau
10832,Zwickau
10833,Zwickau
10834,Zwickau
10835,Zwickau
10836,Zwickau
10837,Zwickau
10838,Zwickau
10839,Zwickau
10840,Zwickau
10841,Zwickau
10842,Zwickau
10843,Zwickau
10844,Zwickau
10845,Zwickau
10846,Zwickau
10847,Zwickau
10848,Zwickau
10849,Zwickau
10850,Zwickau
10851,Zwickau
10852,Jerichower
10853,Jerichower
10854,Jerichower
10855,Jerichower
10856,Jerichower
10857,Jerichower
10858,Jerichower
10859,Jerichower
10860,Bielefeld
10861,Enzkreis
10862,Enzkreis
10863,Enzkreis
10864,Enzkreis
10865,Enzkreis
10866,Enzkreis
10867,Enzkreis
10868,Enzkreis
10869,Enzkreis
10870,Enzkreis
10871,Enzkreis
10872,Enzkreis
10873,Enzkreis
10874,Enzkreis
10875,Enzkreis
10876,Enzkreis
10877,Enzkreis
10878,Enzkreis
10879,Enzkreis
10880,Enzkreis
10881,Enzkreis
10882,Enzkreis
10883,Enzkreis
10884,Enzkreis
10885,Enzkreis
10886,Enzkreis
10887,Enzkreis
10888,Enzkreis
10889,Bochum
10890,Bonn
10891,Bottrop
10892,Brandenburg an der Havel
10893,Braunschweig
10894,Bremen
10895,Bremerhaven
10896,Hohenlohekreis
10897,Hohenlohekreis
10898,Hohenlohekreis
10899,Hohenlohekreis
10900,Hohenlohekreis
10901,Hohenlohekreis
10902,Hohenlohekreis
10903,Hohenlohekreis
10904,Hohenlohekreis
10905,Hohenlohekreis
10906,Hohenlohekreis
10907,Hohenlohekreis
10908,Hohenlohekreis
10909,Hohenlohekreis
10910,Hohenlohekreis
10911,Hohenlohekreis
10912,Chemnitz
10913,Cottbus - Chóśebuz
10914,Darmstadt
10915,Delmenhorst
10916,Dessau-Roßlau
10917,Rhein Neuss
10918,Rhein Neuss
10919,Rhein Neuss
10920,Rhein Neuss
10921,Rhein Neuss
10922,Rhein Neuss
10923,Rhein Neuss
10924,Rhein Neuss
10925,Dortmund
10926,Dresden
10927,Duisburg
10928,Düsseldorf
10929,Eisenach
10930,Emden
10931,Erfurt
10932,Erlangen
10933,Essen
10934,Flensburg
10935,Frankenthal (Pfalz)
10936,Frankfurt am Main
10937,Frankfurt (Oder)
10938,Freiburg im Breisgau
10939,St. Wendel
10940,St. Wendel
10941,St. Wendel
10942,St. Wendel
10943,St. Wendel
10944,St. Wendel
10945,St. Wendel
10946,St. Wendel
10947,Regionalverband Saarbrücken
10948,Regionalverband Saarbrücken
10949,Regionalverband Saarbrücken
10950,Regionalverband Saarbrücken
10951,Regionalverband Saarbrücken
10952,Regionalverband Saarbrücken
10953,Regionalverband Saarbrücken
10954,Regionalverband Saarbrücken
10955,Regionalverband Saarbrücken
10956,Regionalverband Saarbrücken
10957,Gelsenkirchen
10958,Gera
10959,Hagen
10960,Halle (Saale)
10961,Hamburg
10962,Hamm
10963,Heidelberg
10964,Herne
10965,Ingolstadt
10966,Jena
10967,Kaufbeuren
10968,Kempten (Allgäu)
10969,Kiel
10970,Koblenz
10971,Köln
10972,Krefeld
10973,Landau in der Pfalz
10974,Leverkusen
10975,Lübeck
10976,Ludwigshafen am Rhein
10977,Magdeburg
10978,Mainz
10979,Mannheim
10980,Memmingen
10981,Mönchengladbach
10982,Mülheim an der Ruhr
10983,Münster
10984,Neumünster
10985,Neustadt an der Weinstraße
10986,Nürnberg
10987,Oberhausen
10988,Offenbach am Main
10989,Pforzheim
10990,Pirmasens
10991,Potsdam
10992,Remscheid
10993,Salzgitter
10994,Schwabach
10995,Schwerin
10996,Solingen
10997,Speyer
10998,Straubing
10999,Stuttgart
11000,Suhl
11001,Trier
11002,Ulm
11003,Weiden in der Oberpfalz
11004,Weimar
11005,Wiesbaden
11006,Wilhelmshaven
11007,Wolfsburg
11008,Worms
11009,Wuppertal
11010,Zweibrücken
